<?xml version="1.0"?>
<Runs Version="1" Minor="0">
	<Run Id="Shift_Line_synth_1" LaunchDir="E:/vivadofile/lab_102/lab_102.runs/Shift_Line_synth_1" FlowId="Vivado_Synthesis" FromStepId="vivado" ToStepId="vivado"/>
	<Run Id="synth_1" LaunchDir="E:/vivadofile/lab_102/lab_102.runs/synth_1" FlowId="Vivado_Synthesis" FromStepId="vivado" ToStepId="vivado">
		<Parent Id="Shift_Line_synth_1"/>
	</Run>
	<Run Id="impl_1" LaunchDir="E:/vivadofile/lab_102/lab_102.runs/impl_1" FlowId="Vivado_Implementation" FromStepId="init_design" ToStepId="route_design">
		<Parent Id="synth_1"/>
		<Parent Id="Shift_Line_synth_1"/>
	</Run>
	<Parameters>
		<Parameter Name="runs.monitorLSFJobs" Val="true" Type="bool"/>
	</Parameters>
</Runs>

